month,region,service_category,channel,transactions,unique_users,digital_adoption_pct,csat,avg_completion_min,first_time_resolution_pct,cost_per_txn_sar,sla_breach_pct
2025-12-01,Riyadh,Licensing,Mobile App,631,412,76.42,4.28,14.56,76.72,14.62,5.91
2025-12-01,Riyadh,Licensing,Web Portal,736,564,74.47,3.99,20.98,76.68,15.01,5.95
2025-12-01,Riyadh,Licensing,Branch,481,354,59.97,3.73,26.55,65.85,20.16,8.39
2025-12-01,Riyadh,Licensing,Call Center,407,255,65.04,3.72,26.25,73.66,20.94,9.08
2025-12-01,Riyadh,Licensing,Kiosk,278,237,69.0,4.19,22.48,74.9,19.49,7.78
2025-12-01,Riyadh,Permits,Mobile App,595,377,79.25,3.95,23.41,79.53,15.68,6.3
2025-12-01,Riyadh,Permits,Web Portal,716,590,75.34,4.38,21.67,79.56,16.1,5.45
2025-12-01,Riyadh,Permits,Branch,404,341,55.41,3.6,37.32,71.67,23.09,11.26
2025-12-01,Riyadh,Permits,Call Center,392,271,59.97,3.59,29.97,72.62,24.72,9.25
2025-12-01,Riyadh,Permits,Kiosk,216,184,67.3,4.06,22.69,74.28,16.32,5.38
2025-12-01,Riyadh,Appointments,Mobile App,558,351,79.15,4.25,8.6,77.44,13.2,5.62
2025-12-01,Riyadh,Appointments,Web Portal,547,350,74.2,4.08,10.72,76.63,12.05,6.23
2025-12-01,Riyadh,Appointments,Branch,472,334,64.38,3.93,20.93,78.69,23.3,6.44
2025-12-01,Riyadh,Appointments,Call Center,374,303,61.73,3.97,24.33,73.94,20.21,8.14
2025-12-01,Riyadh,Appointments,Kiosk,245,206,68.56,4.38,10.34,80.49,15.05,6.82
2025-12-01,Riyadh,Payments,Mobile App,768,571,82.3,4.64,5.9,79.17,12.2,6.41
2025-12-01,Riyadh,Payments,Web Portal,784,657,79.05,4.35,5.81,85.27,12.37,5.96
2025-12-01,Riyadh,Payments,Branch,420,273,63.3,3.59,20.51,69.71,22.47,6.33
2025-12-01,Riyadh,Payments,Call Center,372,279,68.19,4.03,19.46,75.91,21.14,7.52
2025-12-01,Riyadh,Payments,Kiosk,264,164,72.63,4.15,8.04,76.46,12.64,4.76
2025-12-01,Riyadh,Complaints,Mobile App,474,375,75.39,4.03,25.55,70.89,17.45,7.51
2025-12-01,Riyadh,Complaints,Web Portal,534,339,70.73,4.09,25.83,80.15,16.35,9.91
2025-12-01,Riyadh,Complaints,Branch,292,217,53.84,3.57,35.33,70.77,27.0,12.98
2025-12-01,Riyadh,Complaints,Call Center,311,263,60.95,3.69,39.88,75.88,24.67,12.95
2025-12-01,Riyadh,Complaints,Kiosk,177,124,64.93,3.4,35.21,73.81,21.49,11.64
2025-12-01,Riyadh,Document Services,Mobile App,640,429,79.94,4.3,11.9,77.2,14.65,5.55
2025-12-01,Riyadh,Document Services,Web Portal,687,542,77.07,4.11,14.02,79.34,13.54,6.58
2025-12-01,Riyadh,Document Services,Branch,556,402,59.69,4.08,22.7,76.88,22.59,7.46
2025-12-01,Riyadh,Document Services,Call Center,333,244,64.03,3.98,31.88,74.16,23.62,11.76
2025-12-01,Riyadh,Document Services,Kiosk,286,240,69.49,4.16,18.41,78.41,14.95,2.79
2025-12-01,Riyadh,Benefits & Support,Mobile App,435,312,76.81,4.09,20.95,75.8,16.5,6.66
2025-12-01,Riyadh,Benefits & Support,Web Portal,622,480,72.2,3.91,23.44,70.23,13.33,5.02
2025-12-01,Riyadh,Benefits & Support,Branch,335,219,54.93,3.65,34.19,69.94,24.92,12.4
2025-12-01,Riyadh,Benefits & Support,Call Center,315,270,65.34,3.68,35.51,77.98,22.88,12.55
2025-12-01,Riyadh,Benefits & Support,Kiosk,197,156,71.85,3.9,22.51,77.22,16.6,8.01
2025-12-01,Riyadh,Business Services,Mobile App,580,488,80.3,3.72,19.52,80.3,15.25,6.08
2025-12-01,Riyadh,Business Services,Web Portal,568,431,76.51,4.28,20.95,74.83,17.91,4.68
2025-12-01,Riyadh,Business Services,Branch,387,297,59.1,3.9,28.73,78.33,24.92,8.23
2025-12-01,Riyadh,Business Services,Call Center,367,306,65.71,3.92,28.49,74.74,21.93,9.04
2025-12-01,Riyadh,Business Services,Kiosk,197,150,70.53,3.98,27.86,75.23,15.87,10.36
2025-12-01,Makkah,Licensing,Mobile App,725,599,84.22,4.18,15.46,77.28,13.96,6.34
2025-12-01,Makkah,Licensing,Web Portal,788,627,73.99,3.86,21.53,81.89,14.69,7.76
2025-12-01,Makkah,Licensing,Branch,471,301,58.88,3.99,28.79,70.97,23.25,8.79
2025-12-01,Makkah,Licensing,Call Center,344,239,62.49,3.81,33.15,74.59,23.58,11.27
2025-12-01,Makkah,Licensing,Kiosk,229,147,68.51,4.08,23.16,80.64,13.39,9.18
2025-12-01,Makkah,Permits,Mobile App,565,437,74.7,4.17,19.63,77.11,13.65,4.22
2025-12-01,Makkah,Permits,Web Portal,587,375,73.75,3.92,22.82,79.93,15.04,6.72
2025-12-01,Makkah,Permits,Branch,407,301,56.24,3.53,33.94,72.3,26.7,10.21
2025-12-01,Makkah,Permits,Call Center,380,285,57.91,3.78,33.98,72.3,27.14,12.7
2025-12-01,Makkah,Permits,Kiosk,229,174,61.67,3.98,25.3,71.05,19.22,4.56
2025-12-01,Makkah,Appointments,Mobile App,641,428,87.4,4.34,7.96,81.2,11.51,4.66
2025-12-01,Makkah,Appointments,Web Portal,575,457,76.25,4.19,5.45,81.8,9.99,6.25
2025-12-01,Makkah,Appointments,Branch,358,270,55.38,3.92,19.06,79.56,21.57,4.99
2025-12-01,Makkah,Appointments,Call Center,369,266,61.16,3.91,26.22,76.35,19.31,6.98
2025-12-01,Makkah,Appointments,Kiosk,217,155,70.51,3.92,12.11,75.92,13.76,7.58
2025-12-01,Makkah,Payments,Mobile App,692,592,80.89,4.67,4.0,80.52,10.09,6.71
2025-12-01,Makkah,Payments,Web Portal,700,468,79.32,4.36,5.79,76.96,12.85,6.46
2025-12-01,Makkah,Payments,Branch,465,307,61.33,4.36,13.95,83.79,22.02,5.65
2025-12-01,Makkah,Payments,Call Center,367,280,69.26,4.29,17.85,74.41,19.42,3.32
2025-12-01,Makkah,Payments,Kiosk,287,190,70.96,4.11,10.23,73.62,15.7,3.87
2025-12-01,Makkah,Complaints,Mobile App,517,372,71.57,3.86,24.85,86.0,18.51,7.19
2025-12-01,Makkah,Complaints,Web Portal,545,426,74.04,3.77,25.59,75.01,17.26,8.85
2025-12-01,Makkah,Complaints,Branch,266,210,55.71,3.75,42.79,72.03,26.91,15.64
2025-12-01,Makkah,Complaints,Call Center,259,171,57.07,3.75,39.44,71.81,23.97,15.43
2025-12-01,Makkah,Complaints,Kiosk,190,143,65.14,3.78,34.54,72.28,20.27,13.58
2025-12-01,Makkah,Document Services,Mobile App,734,587,80.32,4.42,11.58,84.34,14.71,2.29
2025-12-01,Makkah,Document Services,Web Portal,549,423,73.49,3.94,17.65,80.02,14.65,3.79
2025-12-01,Makkah,Document Services,Branch,445,279,59.66,4.12,24.37,74.86,22.36,6.24
2025-12-01,Makkah,Document Services,Call Center,443,350,65.07,4.15,29.0,74.04,19.72,8.9
2025-12-01,Makkah,Document Services,Kiosk,212,169,67.51,4.15,19.73,78.41,15.73,6.77
2025-12-01,Makkah,Benefits & Support,Mobile App,544,466,81.27,4.41,22.07,76.06,16.05,7.12
2025-12-01,Makkah,Benefits & Support,Web Portal,577,420,71.13,3.82,23.31,79.46,15.8,7.54
2025-12-01,Makkah,Benefits & Support,Branch,344,287,55.25,4.01,32.34,67.05,24.76,9.89
2025-12-01,Makkah,Benefits & Support,Call Center,317,258,58.42,3.83,35.61,71.4,24.64,12.9
2025-12-01,Makkah,Benefits & Support,Kiosk,184,118,65.25,3.85,25.63,72.39,19.75,10.85
2025-12-01,Makkah,Business Services,Mobile App,633,426,79.67,3.99,21.68,75.95,14.94,8.16
2025-12-01,Makkah,Business Services,Web Portal,595,475,74.37,4.18,20.16,76.69,16.25,4.7
2025-12-01,Makkah,Business Services,Branch,320,231,58.16,3.71,31.1,74.88,20.96,8.82
2025-12-01,Makkah,Business Services,Call Center,321,254,59.37,3.8,25.4,74.17,23.1,8.09
2025-12-01,Makkah,Business Services,Kiosk,205,158,65.34,3.89,22.94,74.45,18.1,6.82
2025-12-01,Madinah,Licensing,Mobile App,731,536,81.78,4.08,14.68,79.91,12.22,6.72
2025-12-01,Madinah,Licensing,Web Portal,642,483,75.95,4.2,19.59,73.5,16.45,6.24
2025-12-01,Madinah,Licensing,Branch,363,245,60.91,3.84,32.55,72.58,24.39,10.64
2025-12-01,Madinah,Licensing,Call Center,343,289,60.75,4.12,29.87,76.88,24.51,9.13
2025-12-01,Madinah,Licensing,Kiosk,224,188,64.45,4.12,22.07,76.53,16.86,5.18
2025-12-01,Madinah,Permits,Mobile App,520,387,76.72,4.27,19.55,77.98,16.53,5.31
2025-12-01,Madinah,Permits,Web Portal,634,521,77.4,3.72,25.45,69.42,17.02,6.64
2025-12-01,Madinah,Permits,Branch,383,243,53.97,3.91,29.86,68.85,22.3,8.83
2025-12-01,Madinah,Permits,Call Center,330,263,60.54,4.16,31.82,68.14,24.01,8.59
2025-12-01,Madinah,Permits,Kiosk,194,156,63.09,3.98,25.22,74.55,18.01,6.93
2025-12-01,Madinah,Appointments,Mobile App,456,305,73.89,4.11,9.87,82.27,11.94,4.31
2025-12-01,Madinah,Appointments,Web Portal,530,425,69.81,4.19,4.43,84.93,11.28,4.2
2025-12-01,Madinah,Appointments,Branch,323,209,57.12,3.94,21.0,75.51,19.76,9.02
2025-12-01,Madinah,Appointments,Call Center,323,217,57.26,4.1,21.45,75.25,17.96,8.89
2025-12-01,Madinah,Appointments,Kiosk,194,163,63.46,3.97,18.12,73.8,16.06,5.54
2025-12-01,Madinah,Payments,Mobile App,544,345,77.86,4.63,4.0,83.06,10.35,5.88
2025-12-01,Madinah,Payments,Web Portal,686,472,72.13,4.3,4.0,80.2,12.04,4.81
2025-12-01,Madinah,Payments,Branch,407,330,59.6,3.91,20.31,75.58,21.24,4.89
2025-12-01,Madinah,Payments,Call Center,429,337,55.92,3.76,19.36,74.04,19.12,5.96
2025-12-01,Madinah,Payments,Kiosk,198,153,69.81,4.19,12.19,78.46,16.41,6.59
2025-12-01,Madinah,Complaints,Mobile App,474,314,75.93,4.0,25.42,75.51,17.9,7.82
2025-12-01,Madinah,Complaints,Web Portal,361,234,70.97,3.87,26.28,76.75,18.92,6.88
2025-12-01,Madinah,Complaints,Branch,268,182,53.11,3.68,41.04,69.56,28.67,14.63
2025-12-01,Madinah,Complaints,Call Center,254,206,58.54,4.07,42.4,65.77,25.32,13.57
2025-12-01,Madinah,Complaints,Kiosk,169,133,61.46,3.79,33.92,75.32,18.78,10.95
2025-12-01,Madinah,Document Services,Mobile App,591,469,76.09,4.03,17.03,79.13,12.08,3.37
2025-12-01,Madinah,Document Services,Web Portal,645,432,78.27,4.25,13.79,75.9,14.25,4.22
2025-12-01,Madinah,Document Services,Branch,338,218,48.88,3.97,25.17,80.04,24.75,6.24
2025-12-01,Madinah,Document Services,Call Center,301,196,61.47,3.98,30.6,73.45,21.12,9.81
2025-12-01,Madinah,Document Services,Kiosk,248,193,69.95,3.85,21.54,73.09,15.76,7.31
2025-12-01,Madinah,Benefits & Support,Mobile App,491,384,76.66,3.95,24.38,78.42,13.52,7.76
2025-12-01,Madinah,Benefits & Support,Web Portal,480,403,70.74,3.9,28.05,72.0,17.53,6.24
2025-12-01,Madinah,Benefits & Support,Branch,266,181,53.21,3.73,36.43,71.24,24.1,10.24
2025-12-01,Madinah,Benefits & Support,Call Center,294,250,56.09,3.78,33.58,72.47,22.42,11.98
2025-12-01,Madinah,Benefits & Support,Kiosk,215,169,62.23,3.85,31.97,74.13,19.06,9.94
2025-12-01,Madinah,Business Services,Mobile App,527,426,72.08,4.0,18.84,78.03,12.97,4.14
2025-12-01,Madinah,Business Services,Web Portal,477,375,76.33,4.06,17.4,80.81,14.38,8.83
2025-12-01,Madinah,Business Services,Branch,294,245,57.09,3.82,26.46,70.2,24.5,7.96
2025-12-01,Madinah,Business Services,Call Center,305,216,55.41,4.29,30.1,74.34,25.05,9.25
2025-12-01,Madinah,Business Services,Kiosk,201,165,66.53,3.9,26.81,74.09,18.54,9.22
2025-12-01,Qassim,Licensing,Mobile App,523,393,79.95,3.97,18.72,75.92,13.45,5.34
2025-12-01,Qassim,Licensing,Web Portal,540,394,70.3,4.27,15.08,77.44,15.21,4.57
2025-12-01,Qassim,Licensing,Branch,337,212,51.93,3.66,30.07,74.09,24.36,8.78
2025-12-01,Qassim,Licensing,Call Center,313,258,60.52,3.7,28.09,74.09,21.86,9.69
2025-12-01,Qassim,Licensing,Kiosk,207,154,72.34,4.03,25.16,75.07,17.27,7.75
2025-12-01,Qassim,Permits,Mobile App,506,348,71.61,4.28,22.6,73.36,14.63,7.33
2025-12-01,Qassim,Permits,Web Portal,527,339,77.78,4.06,21.34,73.8,14.85,6.03
2025-12-01,Qassim,Permits,Branch,327,264,51.65,3.45,29.75,78.59,24.85,8.35
2025-12-01,Qassim,Permits,Call Center,287,218,54.18,3.57,34.5,74.13,24.05,12.85
2025-12-01,Qassim,Permits,Kiosk,178,146,62.08,3.79,28.34,70.38,20.6,8.88
2025-12-01,Qassim,Appointments,Mobile App,437,331,72.92,4.23,10.53,76.41,12.5,6.17
2025-12-01,Qassim,Appointments,Web Portal,530,358,77.47,4.37,7.0,81.82,11.72,5.6
2025-12-01,Qassim,Appointments,Branch,282,237,54.52,3.62,24.49,74.79,23.37,8.63
2025-12-01,Qassim,Appointments,Call Center,271,169,55.17,4.18,26.78,73.71,23.59,9.28
2025-12-01,Qassim,Appointments,Kiosk,177,150,66.41,3.97,18.6,81.87,17.18,3.32
2025-12-01,Qassim,Payments,Mobile App,570,442,74.29,4.51,4.93,80.14,10.83,5.31
2025-12-01,Qassim,Payments,Web Portal,597,482,72.76,4.4,5.43,80.76,10.6,6.6
2025-12-01,Qassim,Payments,Branch,378,253,46.66,3.87,19.28,76.21,23.76,4.47
2025-12-01,Qassim,Payments,Call Center,325,240,62.53,3.83,19.04,76.64,21.15,6.45
2025-12-01,Qassim,Payments,Kiosk,226,148,67.48,4.54,6.28,83.02,15.62,7.19
2025-12-01,Qassim,Complaints,Mobile App,363,309,72.62,3.89,32.47,74.65,19.29,11.34
2025-12-01,Qassim,Complaints,Web Portal,397,339,71.0,3.59,30.08,74.37,18.98,9.27
2025-12-01,Qassim,Complaints,Branch,256,170,47.51,3.66,37.72,72.45,25.7,13.22
2025-12-01,Qassim,Complaints,Call Center,218,149,47.91,3.6,40.07,68.84,26.71,11.55
2025-12-01,Qassim,Complaints,Kiosk,150,118,55.58,3.49,34.72,71.35,20.59,11.09
2025-12-01,Qassim,Document Services,Mobile App,647,468,67.24,4.25,15.65,78.79,15.4,5.0
2025-12-01,Qassim,Document Services,Web Portal,507,401,68.61,4.03,15.18,75.39,12.69,3.64
2025-12-01,Qassim,Document Services,Branch,386,253,56.96,3.86,24.61,76.16,23.22,5.3
2025-12-01,Qassim,Document Services,Call Center,317,204,58.82,3.87,30.67,76.31,24.56,9.09
2025-12-01,Qassim,Document Services,Kiosk,237,198,63.84,3.97,20.44,71.52,18.52,6.85
2025-12-01,Qassim,Benefits & Support,Mobile App,490,311,73.86,4.27,20.6,77.44,14.56,6.67
2025-12-01,Qassim,Benefits & Support,Web Portal,458,384,70.6,3.88,21.16,71.66,16.13,7.58
2025-12-01,Qassim,Benefits & Support,Branch,307,199,50.21,3.83,34.1,72.0,23.96,12.56
2025-12-01,Qassim,Benefits & Support,Call Center,261,164,60.35,3.46,37.28,73.34,24.04,11.38
2025-12-01,Qassim,Benefits & Support,Kiosk,160,117,62.74,3.87,26.84,76.67,16.46,7.33
2025-12-01,Qassim,Business Services,Mobile App,425,288,80.46,3.82,17.51,74.71,10.93,4.8
2025-12-01,Qassim,Business Services,Web Portal,425,344,71.18,3.98,21.51,77.55,12.82,6.55
2025-12-01,Qassim,Business Services,Branch,242,206,47.59,3.55,26.84,69.95,23.82,9.73
2025-12-01,Qassim,Business Services,Call Center,247,169,59.19,3.74,31.46,73.88,24.48,11.05
2025-12-01,Qassim,Business Services,Kiosk,150,122,67.12,3.87,24.79,68.9,18.7,6.35
2025-12-01,Eastern Province,Licensing,Mobile App,637,478,76.34,3.95,23.01,75.07,15.99,6.01
2025-12-01,Eastern Province,Licensing,Web Portal,687,577,74.5,4.16,22.31,82.17,14.43,6.59
2025-12-01,Eastern Province,Licensing,Branch,422,308,53.55,3.6,29.55,73.68,24.4,10.71
2025-12-01,Eastern Province,Licensing,Call Center,332,250,59.62,3.87,30.33,68.64,23.66,7.34
2025-12-01,Eastern Province,Licensing,Kiosk,257,195,71.51,4.02,22.88,80.72,11.97,7.25
2025-12-01,Eastern Province,Permits,Mobile App,663,563,74.09,4.03,23.93,71.88,15.81,6.03
2025-12-01,Eastern Province,Permits,Web Portal,677,579,71.22,3.9,26.86,75.67,17.58,8.27
2025-12-01,Eastern Province,Permits,Branch,364,251,53.29,3.82,30.28,73.37,24.68,8.94
2025-12-01,Eastern Province,Permits,Call Center,371,247,64.23,3.7,37.19,70.88,22.75,13.19
2025-12-01,Eastern Province,Permits,Kiosk,205,175,57.13,3.82,19.49,72.63,15.73,7.57
2025-12-01,Eastern Province,Appointments,Mobile App,599,494,76.63,4.43,7.88,87.64,11.15,3.83
2025-12-01,Eastern Province,Appointments,Web Portal,619,394,75.33,3.92,12.94,76.95,11.95,5.82
2025-12-01,Eastern Province,Appointments,Branch,358,307,56.55,3.71,20.97,80.12,21.13,6.34
2025-12-01,Eastern Province,Appointments,Call Center,312,229,55.76,3.81,25.79,72.17,22.29,9.36
2025-12-01,Eastern Province,Appointments,Kiosk,221,180,69.38,4.1,12.54,79.28,13.66,3.48
2025-12-01,Eastern Province,Payments,Mobile App,584,500,86.47,4.26,5.89,79.4,12.05,3.08
2025-12-01,Eastern Province,Payments,Web Portal,702,458,76.21,4.26,4.01,83.44,12.9,5.79
2025-12-01,Eastern Province,Payments,Branch,510,318,58.35,3.86,19.41,76.22,20.93,6.57
2025-12-01,Eastern Province,Payments,Call Center,403,301,62.3,3.96,14.7,79.07,17.6,3.74
2025-12-01,Eastern Province,Payments,Kiosk,243,200,70.13,3.83,11.41,78.44,13.49,5.02
2025-12-01,Eastern Province,Complaints,Mobile App,399,280,73.0,3.8,28.88,72.13,18.08,9.22
2025-12-01,Eastern Province,Complaints,Web Portal,458,382,71.59,3.97,29.52,68.5,17.4,10.97
2025-12-01,Eastern Province,Complaints,Branch,282,210,50.68,3.91,33.32,71.43,27.3,11.77
2025-12-01,Eastern Province,Complaints,Call Center,253,186,57.38,3.66,43.56,70.92,24.89,13.58
2025-12-01,Eastern Province,Complaints,Kiosk,167,119,67.12,3.52,35.6,69.35,19.52,12.1
2025-12-01,Eastern Province,Document Services,Mobile App,575,437,75.56,4.02,14.48,76.76,13.68,3.9
2025-12-01,Eastern Province,Document Services,Web Portal,734,600,75.47,4.1,20.0,75.99,13.65,7.27
2025-12-01,Eastern Province,Document Services,Branch,344,291,56.12,4.03,24.25,73.07,24.68,8.3
2025-12-01,Eastern Province,Document Services,Call Center,366,288,58.31,3.61,27.18,72.75,21.16,7.87
2025-12-01,Eastern Province,Document Services,Kiosk,252,162,71.5,4.16,20.5,77.89,15.76,5.57
2025-12-01,Eastern Province,Benefits & Support,Mobile App,432,363,81.01,4.01,24.1,84.16,15.83,6.09
2025-12-01,Eastern Province,Benefits & Support,Web Portal,605,435,71.75,3.96,20.15,76.04,15.67,8.0
2025-12-01,Eastern Province,Benefits & Support,Branch,390,256,58.94,3.78,30.64,74.1,23.58,10.76
2025-12-01,Eastern Province,Benefits & Support,Call Center,315,238,60.87,3.71,36.04,66.26,23.3,13.89
2025-12-01,Eastern Province,Benefits & Support,Kiosk,167,119,68.26,4.0,29.03,75.29,17.13,7.17
2025-12-01,Eastern Province,Business Services,Mobile App,511,405,69.38,3.89,18.41,82.87,15.32,5.95
2025-12-01,Eastern Province,Business Services,Web Portal,516,335,76.13,3.86,16.25,75.35,15.93,6.35
2025-12-01,Eastern Province,Business Services,Branch,343,277,53.81,3.94,28.26,76.63,25.66,10.5
2025-12-01,Eastern Province,Business Services,Call Center,313,240,59.67,3.25,38.52,73.06,25.3,13.17
2025-12-01,Eastern Province,Business Services,Kiosk,195,122,65.68,3.96,26.31,75.14,16.88,5.72
2025-12-01,Asir,Licensing,Mobile App,534,374,74.83,3.9,17.24,76.86,16.92,4.81
2025-12-01,Asir,Licensing,Web Portal,576,392,68.92,3.89,20.69,77.13,18.44,4.99
2025-12-01,Asir,Licensing,Branch,287,215,54.86,3.61,32.15,71.56,25.53,12.72
2025-12-01,Asir,Licensing,Call Center,301,211,53.17,3.52,35.57,73.98,24.85,12.24
2025-12-01,Asir,Licensing,Kiosk,155,131,62.22,3.76,20.21,74.06,17.47,7.37
2025-12-01,Asir,Permits,Mobile App,387,329,73.72,3.78,20.87,74.69,16.36,6.93
2025-12-01,Asir,Permits,Web Portal,515,406,67.01,3.64,24.55,72.77,17.42,9.06
2025-12-01,Asir,Permits,Branch,335,235,53.23,3.87,29.06,77.49,24.1,7.97
2025-12-01,Asir,Permits,Call Center,257,202,51.16,3.74,32.95,72.75,22.59,12.6
2025-12-01,Asir,Permits,Kiosk,170,145,62.97,3.73,26.45,76.88,22.27,8.22
2025-12-01,Asir,Appointments,Mobile App,415,346,77.46,3.92,11.71,86.15,12.91,4.41
2025-12-01,Asir,Appointments,Web Portal,431,361,65.21,3.8,13.96,78.9,16.38,5.65
2025-12-01,Asir,Appointments,Branch,285,221,50.46,3.96,23.18,75.37,20.79,7.49
2025-12-01,Asir,Appointments,Call Center,252,183,50.94,4.17,23.9,78.28,22.84,7.2
2025-12-01,Asir,Appointments,Kiosk,168,144,63.58,4.24,16.35,79.24,17.47,5.19
2025-12-01,Asir,Payments,Mobile App,468,309,74.93,4.61,4.0,83.4,9.9,5.68
2025-12-01,Asir,Payments,Web Portal,539,415,71.28,4.53,9.75,78.67,12.51,5.22
2025-12-01,Asir,Payments,Branch,387,282,53.38,3.84,19.01,72.42,20.68,5.72
2025-12-01,Asir,Payments,Call Center,306,218,60.06,4.19,14.31,76.85,15.9,6.35
2025-12-01,Asir,Payments,Kiosk,221,186,65.79,4.04,11.7,71.5,12.76,4.17
2025-12-01,Asir,Complaints,Mobile App,305,236,73.02,4.32,29.4,77.33,18.31,7.84
2025-12-01,Asir,Complaints,Web Portal,374,308,66.93,4.0,33.91,69.55,18.23,12.92
2025-12-01,Asir,Complaints,Branch,203,157,46.53,3.51,39.5,69.47,27.85,10.13
2025-12-01,Asir,Complaints,Call Center,213,182,47.48,3.56,44.02,70.28,26.15,15.06
2025-12-01,Asir,Complaints,Kiosk,129,90,55.12,3.65,33.47,66.35,22.31,10.41
2025-12-01,Asir,Document Services,Mobile App,465,393,76.85,4.12,15.09,79.15,16.26,8.08
2025-12-01,Asir,Document Services,Web Portal,583,370,69.43,4.13,15.14,75.53,13.38,7.92
2025-12-01,Asir,Document Services,Branch,333,242,51.39,3.75,31.24,74.35,22.02,10.64
2025-12-01,Asir,Document Services,Call Center,321,205,57.25,3.77,24.1,75.73,21.54,7.46
2025-12-01,Asir,Document Services,Kiosk,165,108,63.4,4.08,18.67,79.37,17.25,6.16
2025-12-01,Asir,Benefits & Support,Mobile App,383,264,71.66,4.26,24.45,80.37,15.74,7.89
2025-12-01,Asir,Benefits & Support,Web Portal,386,304,65.27,3.92,24.04,74.44,19.33,7.13
2025-12-01,Asir,Benefits & Support,Branch,240,201,52.08,3.77,39.18,70.91,26.85,13.77
2025-12-01,Asir,Benefits & Support,Call Center,222,184,59.56,3.36,40.45,70.35,24.25,16.28
2025-12-01,Asir,Benefits & Support,Kiosk,174,115,61.25,3.74,30.45,74.07,18.22,7.73
2025-12-01,Asir,Business Services,Mobile App,480,381,76.02,3.91,21.78,72.71,15.66,7.68
2025-12-01,Asir,Business Services,Web Portal,410,345,70.26,4.08,16.86,82.66,16.01,5.96
2025-12-01,Asir,Business Services,Branch,308,240,54.05,4.2,30.18,70.18,22.98,7.02
2025-12-01,Asir,Business Services,Call Center,252,189,55.62,3.77,33.79,72.64,22.0,11.75
2025-12-01,Asir,Business Services,Kiosk,170,122,61.53,4.13,22.75,81.2,14.41,6.38
2025-12-01,Tabuk,Licensing,Mobile App,480,339,75.34,4.22,19.45,80.72,15.7,4.7
2025-12-01,Tabuk,Licensing,Web Portal,575,458,67.41,4.23,19.76,77.27,16.73,4.97
2025-12-01,Tabuk,Licensing,Branch,293,207,52.98,3.95,24.69,78.15,20.79,9.17
2025-12-01,Tabuk,Licensing,Call Center,281,240,56.09,3.98,32.29,70.96,24.24,9.32
2025-12-01,Tabuk,Licensing,Kiosk,161,102,60.89,3.85,25.85,74.28,16.66,8.74
2025-12-01,Tabuk,Permits,Mobile App,389,256,74.6,4.09,24.33,76.08,15.12,8.23
2025-12-01,Tabuk,Permits,Web Portal,475,395,74.89,3.88,24.27,73.26,17.38,8.38
2025-12-01,Tabuk,Permits,Branch,265,195,52.89,3.79,36.03,71.28,24.66,12.62
2025-12-01,Tabuk,Permits,Call Center,291,212,55.68,3.88,32.71,71.62,22.11,12.62
2025-12-01,Tabuk,Permits,Kiosk,149,107,65.9,3.68,24.69,79.12,15.97,6.48
2025-12-01,Tabuk,Appointments,Mobile App,388,303,78.16,4.4,6.13,80.18,10.81,3.55
2025-12-01,Tabuk,Appointments,Web Portal,409,271,64.42,3.93,12.21,76.57,14.61,5.6
2025-12-01,Tabuk,Appointments,Branch,288,245,53.84,4.17,22.1,74.14,24.67,3.35
2025-12-01,Tabuk,Appointments,Call Center,227,168,52.84,3.8,26.07,72.28,25.0,6.73
2025-12-01,Tabuk,Appointments,Kiosk,158,103,56.75,3.85,14.02,81.41,18.92,8.22
2025-12-01,Tabuk,Payments,Mobile App,536,397,81.82,4.44,5.07,81.85,12.09,5.42
2025-12-01,Tabuk,Payments,Web Portal,500,397,69.56,4.28,8.82,79.68,12.36,3.21
2025-12-01,Tabuk,Payments,Branch,300,191,51.66,4.07,12.18,75.56,20.35,6.34
2025-12-01,Tabuk,Payments,Call Center,220,167,55.55,3.89,22.53,76.51,21.88,7.75
2025-12-01,Tabuk,Payments,Kiosk,191,153,68.97,4.18,9.39,75.96,13.18,6.97
2025-12-01,Tabuk,Complaints,Mobile App,282,242,67.02,4.15,28.09,78.3,17.42,7.66
2025-12-01,Tabuk,Complaints,Web Portal,394,306,66.49,3.87,26.45,75.18,16.9,7.22
2025-12-01,Tabuk,Complaints,Branch,219,168,45.25,3.34,40.19,74.07,27.85,13.61
2025-12-01,Tabuk,Complaints,Call Center,162,116,46.0,3.59,42.51,72.5,27.22,14.0
2025-12-01,Tabuk,Complaints,Kiosk,112,70,61.23,3.97,36.24,71.59,19.02,14.2
2025-12-01,Tabuk,Document Services,Mobile App,471,357,75.88,3.99,16.91,75.71,14.29,3.16
2025-12-01,Tabuk,Document Services,Web Portal,441,276,67.71,4.0,14.09,76.78,14.7,3.06
2025-12-01,Tabuk,Document Services,Branch,260,165,51.0,3.72,28.68,73.2,22.89,9.06
2025-12-01,Tabuk,Document Services,Call Center,278,191,53.37,3.87,30.64,69.38,21.62,8.07
2025-12-01,Tabuk,Document Services,Kiosk,151,129,62.66,3.91,20.48,80.06,16.72,6.82
2025-12-01,Tabuk,Benefits & Support,Mobile App,331,281,74.33,3.84,23.3,75.88,16.29,6.04
2025-12-01,Tabuk,Benefits & Support,Web Portal,393,263,67.89,3.69,25.68,71.6,19.01,6.94
2025-12-01,Tabuk,Benefits & Support,Branch,266,201,51.25,3.64,38.21,74.59,26.72,15.56
2025-12-01,Tabuk,Benefits & Support,Call Center,218,139,60.6,3.38,37.66,67.85,25.56,11.63
2025-12-01,Tabuk,Benefits & Support,Kiosk,157,133,53.25,3.77,35.66,72.33,21.99,9.25
2025-12-01,Tabuk,Business Services,Mobile App,400,320,68.62,4.17,19.26,78.68,16.76,6.29
2025-12-01,Tabuk,Business Services,Web Portal,397,312,68.58,3.88,23.6,82.36,17.25,7.74
2025-12-01,Tabuk,Business Services,Branch,265,174,51.12,3.51,29.86,75.09,25.19,9.99
2025-12-01,Tabuk,Business Services,Call Center,211,141,49.44,4.27,27.23,64.52,24.87,9.0
2025-12-01,Tabuk,Business Services,Kiosk,150,110,59.86,3.83,29.72,76.73,18.47,8.39
2025-12-01,Jazan,Licensing,Mobile App,462,367,75.99,3.99,21.99,81.1,14.45,8.61
2025-12-01,Jazan,Licensing,Web Portal,388,325,67.86,3.86,22.49,74.79,16.71,7.58
2025-12-01,Jazan,Licensing,Branch,242,171,51.03,3.78,30.57,73.22,26.24,12.06
2025-12-01,Jazan,Licensing,Call Center,229,144,56.72,4.01,35.28,71.61,25.23,11.71
2025-12-01,Jazan,Licensing,Kiosk,144,116,63.99,4.16,26.78,73.65,19.41,8.98
2025-12-01,Jazan,Permits,Mobile App,373,272,69.29,3.81,22.6,73.2,16.69,4.31
2025-12-01,Jazan,Permits,Web Portal,365,292,65.08,3.71,24.05,72.5,18.65,7.46
2025-12-01,Jazan,Permits,Branch,271,177,49.01,3.66,34.43,68.7,27.99,10.79
2025-12-01,Jazan,Permits,Call Center,191,160,55.74,3.55,37.16,69.96,23.67,11.92
2025-12-01,Jazan,Permits,Kiosk,141,100,57.03,3.96,25.49,71.97,20.87,7.01
2025-12-01,Jazan,Appointments,Mobile App,329,264,73.42,3.93,12.08,78.26,14.63,4.87
2025-12-01,Jazan,Appointments,Web Portal,346,293,65.49,4.31,8.57,83.13,15.22,6.93
2025-12-01,Jazan,Appointments,Branch,202,156,51.76,3.62,23.07,77.09,22.8,8.19
2025-12-01,Jazan,Appointments,Call Center,219,144,54.66,3.85,29.16,72.6,24.42,9.12
2025-12-01,Jazan,Appointments,Kiosk,124,103,65.66,4.41,17.48,74.76,14.41,6.43
2025-12-01,Jazan,Payments,Mobile App,472,332,73.83,3.96,11.14,76.89,15.19,5.96
2025-12-01,Jazan,Payments,Web Portal,458,314,72.46,3.95,10.22,80.28,12.88,5.44
2025-12-01,Jazan,Payments,Branch,231,149,51.74,4.08,17.75,74.94,22.24,5.67
2025-12-01,Jazan,Payments,Call Center,251,213,58.18,3.89,17.35,79.13,21.57,2.82
2025-12-01,Jazan,Payments,Kiosk,133,82,66.95,4.23,15.49,77.6,16.6,4.85
2025-12-01,Jazan,Complaints,Mobile App,267,227,66.55,3.87,30.93,71.81,16.72,11.54
2025-12-01,Jazan,Complaints,Web Portal,319,266,61.25,3.9,32.7,74.72,19.53,11.16
2025-12-01,Jazan,Complaints,Branch,187,139,36.4,3.56,40.48,71.13,25.74,10.51
2025-12-01,Jazan,Complaints,Call Center,164,111,50.34,3.69,46.21,68.52,25.52,13.86
2025-12-01,Jazan,Complaints,Kiosk,107,82,53.18,3.68,35.62,67.99,23.21,11.08
2025-12-01,Jazan,Document Services,Mobile App,319,225,69.92,4.04,13.9,74.12,10.87,5.34
2025-12-01,Jazan,Document Services,Web Portal,463,364,70.48,4.13,18.63,77.91,19.31,6.57
2025-12-01,Jazan,Document Services,Branch,239,176,49.82,3.74,30.82,70.92,24.9,9.7
2025-12-01,Jazan,Document Services,Call Center,240,165,58.16,3.96,29.41,72.61,24.93,10.47
2025-12-01,Jazan,Document Services,Kiosk,160,116,58.93,3.78,24.35,73.34,19.62,6.65
2025-12-01,Jazan,Benefits & Support,Mobile App,342,220,67.87,3.71,23.57,71.72,15.89,6.25
2025-12-01,Jazan,Benefits & Support,Web Portal,339,240,69.42,3.99,27.42,74.96,18.3,9.65
2025-12-01,Jazan,Benefits & Support,Branch,230,167,50.37,3.65,36.29,74.9,24.25,14.2
2025-12-01,Jazan,Benefits & Support,Call Center,166,116,52.65,3.72,37.56,72.2,25.0,12.18
2025-12-01,Jazan,Benefits & Support,Kiosk,100,82,61.36,3.68,28.51,77.19,17.99,9.57
2025-12-01,Jazan,Business Services,Mobile App,322,226,68.37,3.99,22.6,76.11,18.43,5.38
2025-12-01,Jazan,Business Services,Web Portal,385,269,68.39,3.84,25.69,77.36,16.15,6.94
2025-12-01,Jazan,Business Services,Branch,224,181,52.77,3.23,33.51,66.63,24.96,12.19
2025-12-01,Jazan,Business Services,Call Center,202,136,54.44,3.83,34.43,72.65,25.68,8.84
2025-12-01,Jazan,Business Services,Kiosk,144,95,59.91,3.98,23.92,76.33,16.93,7.66
2025-12-01,Najran,Licensing,Mobile App,359,239,68.76,4.07,18.58,74.67,13.83,4.54
2025-12-01,Najran,Licensing,Web Portal,376,311,69.77,3.9,22.58,80.67,18.34,4.68
2025-12-01,Najran,Licensing,Branch,239,195,49.91,3.85,32.1,67.53,25.33,10.32
2025-12-01,Najran,Licensing,Call Center,195,121,52.95,3.55,34.47,75.03,25.63,9.39
2025-12-01,Najran,Licensing,Kiosk,154,106,56.14,3.69,27.26,75.29,16.98,9.71
2025-12-01,Najran,Permits,Mobile App,327,264,67.75,3.88,26.69,72.32,16.69,10.06
2025-12-01,Najran,Permits,Web Portal,379,282,66.91,4.14,21.81,74.29,16.88,4.52
2025-12-01,Najran,Permits,Branch,219,141,48.74,3.45,36.54,67.7,27.0,12.28
2025-12-01,Najran,Permits,Call Center,189,153,53.03,3.38,40.19,72.03,25.93,13.15
2025-12-01,Najran,Permits,Kiosk,118,99,56.88,3.62,30.36,72.99,18.26,10.59
2025-12-01,Najran,Appointments,Mobile App,238,165,64.48,3.4,14.49,77.98,14.68,6.21
2025-12-01,Najran,Appointments,Web Portal,388,326,62.88,4.08,7.72,81.95,16.56,5.95
2025-12-01,Najran,Appointments,Branch,207,155,52.3,3.88,20.58,72.17,21.97,5.24
2025-12-01,Najran,Appointments,Call Center,193,126,51.41,3.78,29.27,75.21,24.31,9.13
2025-12-01,Najran,Appointments,Kiosk,128,96,60.75,4.42,19.77,75.47,17.48,6.34
2025-12-01,Najran,Payments,Mobile App,445,370,74.39,4.34,4.68,79.43,13.67,4.3
2025-12-01,Najran,Payments,Web Portal,367,257,68.07,4.4,7.31,76.84,12.38,5.28
2025-12-01,Najran,Payments,Branch,229,159,51.03,4.31,20.59,78.48,21.65,5.88
2025-12-01,Najran,Payments,Call Center,220,159,54.01,4.02,22.5,71.07,20.0,4.71
2025-12-01,Najran,Payments,Kiosk,152,116,65.06,4.13,12.7,74.9,15.41,2.64
2025-12-01,Najran,Complaints,Mobile App,202,140,67.26,4.07,29.01,73.8,19.87,9.65
2025-12-01,Najran,Complaints,Web Portal,251,198,59.54,3.57,34.77,72.56,20.27,10.66
2025-12-01,Najran,Complaints,Branch,163,133,44.46,3.75,44.89,68.04,29.49,11.71
2025-12-01,Najran,Complaints,Call Center,150,128,41.24,3.26,40.95,73.18,25.19,13.04
2025-12-01,Najran,Complaints,Kiosk,91,63,54.49,3.6,36.93,72.06,23.58,11.76
2025-12-01,Najran,Document Services,Mobile App,262,168,71.68,4.03,21.7,74.24,16.05,5.86
2025-12-01,Najran,Document Services,Web Portal,333,257,64.47,4.17,17.37,73.54,14.75,7.86
2025-12-01,Najran,Document Services,Branch,222,170,47.42,4.17,26.03,76.62,20.96,7.46
2025-12-01,Najran,Document Services,Call Center,219,174,49.96,3.5,31.35,74.32,22.54,10.18
2025-12-01,Najran,Document Services,Kiosk,132,110,55.34,3.97,24.8,78.74,20.52,6.58
2025-12-01,Najran,Benefits & Support,Mobile App,298,214,68.37,3.86,21.74,73.2,17.5,8.09
2025-12-01,Najran,Benefits & Support,Web Portal,298,243,66.45,4.14,27.95,72.59,16.85,8.67
2025-12-01,Najran,Benefits & Support,Branch,200,150,52.27,3.52,38.33,67.27,24.31,12.44
2025-12-01,Najran,Benefits & Support,Call Center,144,99,50.77,3.68,36.73,69.33,25.7,10.17
2025-12-01,Najran,Benefits & Support,Kiosk,110,80,57.42,3.77,29.78,65.06,19.51,8.3
2025-12-01,Najran,Business Services,Mobile App,299,210,73.26,4.1,22.65,73.72,14.9,8.18
2025-12-01,Najran,Business Services,Web Portal,308,228,65.53,4.1,21.49,72.65,16.78,5.64
2025-12-01,Najran,Business Services,Branch,220,164,49.93,3.89,35.4,75.14,27.03,11.52
2025-12-01,Najran,Business Services,Call Center,190,147,54.13,3.52,34.98,67.82,20.74,10.85
2025-12-01,Najran,Business Services,Kiosk,115,96,66.34,3.97,30.23,68.56,21.28,9.27
2025-12-01,Al-Baha,Licensing,Mobile App,345,240,71.61,4.27,23.34,80.03,17.29,7.98
2025-12-01,Al-Baha,Licensing,Web Portal,470,381,67.24,3.86,21.66,76.54,18.88,8.04
2025-12-01,Al-Baha,Licensing,Branch,282,211,50.21,3.36,33.42,76.11,24.79,8.78
2025-12-01,Al-Baha,Licensing,Call Center,203,145,55.74,3.8,36.05,74.06,24.19,9.9
2025-12-01,Al-Baha,Licensing,Kiosk,159,118,60.09,3.69,28.75,73.28,20.31,8.55
2025-12-01,Al-Baha,Permits,Mobile App,344,219,68.2,3.66,24.82,72.32,17.3,7.66
2025-12-01,Al-Baha,Permits,Web Portal,349,266,67.62,3.93,26.94,76.94,18.29,7.22
2025-12-01,Al-Baha,Permits,Branch,252,166,49.27,3.61,33.69,71.9,24.63,9.65
2025-12-01,Al-Baha,Permits,Call Center,199,133,52.12,3.72,37.15,72.72,25.99,12.67
2025-12-01,Al-Baha,Permits,Kiosk,139,117,57.28,3.99,27.33,74.41,19.35,9.14
2025-12-01,Al-Baha,Appointments,Mobile App,358,282,76.98,3.65,13.61,77.57,14.19,5.91
2025-12-01,Al-Baha,Appointments,Web Portal,296,191,65.78,4.24,13.59,77.72,14.56,7.04
2025-12-01,Al-Baha,Appointments,Branch,208,132,48.05,3.96,24.98,70.88,25.57,7.94
2025-12-01,Al-Baha,Appointments,Call Center,174,115,49.35,3.68,31.59,75.82,23.07,10.85
2025-12-01,Al-Baha,Appointments,Kiosk,118,75,65.55,3.89,15.27,74.72,13.75,5.05
2025-12-01,Al-Baha,Payments,Mobile App,402,285,76.18,4.34,6.14,85.15,15.91,4.45
2025-12-01,Al-Baha,Payments,Web Portal,408,304,75.81,4.28,7.0,79.35,12.32,6.31
2025-12-01,Al-Baha,Payments,Branch,270,202,53.18,3.86,22.21,76.22,23.41,7.35
2025-12-01,Al-Baha,Payments,Call Center,239,170,48.93,4.01,20.2,76.31,18.98,7.91
2025-12-01,Al-Baha,Payments,Kiosk,157,115,59.88,3.76,17.32,74.26,16.26,6.39
2025-12-01,Al-Baha,Complaints,Mobile App,255,207,67.51,4.03,29.29,69.89,18.78,9.63
2025-12-01,Al-Baha,Complaints,Web Portal,307,211,60.79,3.69,34.8,72.23,20.05,11.0
2025-12-01,Al-Baha,Complaints,Branch,166,126,46.28,3.56,45.19,65.71,27.08,16.52
2025-12-01,Al-Baha,Complaints,Call Center,136,91,52.64,3.9,38.19,71.1,24.23,10.89
2025-12-01,Al-Baha,Complaints,Kiosk,117,91,57.57,3.7,36.14,74.49,21.76,12.81
2025-12-01,Al-Baha,Document Services,Mobile App,325,249,72.12,3.99,15.18,74.11,16.11,3.77
2025-12-01,Al-Baha,Document Services,Web Portal,360,226,67.77,4.27,17.26,76.23,14.0,4.05
2025-12-01,Al-Baha,Document Services,Branch,234,179,52.26,3.99,28.08,72.13,25.5,9.45
2025-12-01,Al-Baha,Document Services,Call Center,207,139,58.09,3.68,25.64,68.94,22.69,7.43
2025-12-01,Al-Baha,Document Services,Kiosk,163,122,60.05,4.17,20.34,75.92,15.97,6.77
2025-12-01,Al-Baha,Benefits & Support,Mobile App,281,175,73.14,3.92,23.48,76.38,15.76,7.73
2025-12-01,Al-Baha,Benefits & Support,Web Portal,364,262,68.98,3.59,25.94,77.27,15.26,9.64
2025-12-01,Al-Baha,Benefits & Support,Branch,201,131,48.57,3.55,38.25,68.05,28.68,14.05
2025-12-01,Al-Baha,Benefits & Support,Call Center,173,117,50.68,3.57,39.99,67.5,27.95,13.96
2025-12-01,Al-Baha,Benefits & Support,Kiosk,118,88,60.66,4.09,30.81,72.46,18.67,9.05
2025-12-01,Al-Baha,Business Services,Mobile App,311,200,74.39,3.87,23.99,77.0,16.41,9.69
2025-12-01,Al-Baha,Business Services,Web Portal,341,255,65.94,3.92,21.33,79.08,16.76,7.68
2025-12-01,Al-Baha,Business Services,Branch,214,169,52.51,3.48,34.45,70.21,25.46,8.64
2025-12-01,Al-Baha,Business Services,Call Center,157,121,55.96,3.83,32.16,74.12,21.81,11.41
2025-12-01,Al-Baha,Business Services,Kiosk,103,84,55.07,3.6,27.04,79.71,16.32,8.0
2025-12-01,Al-Jouf,Licensing,Mobile App,492,382,75.85,4.1,20.5,82.76,14.28,3.97
2025-12-01,Al-Jouf,Licensing,Web Portal,524,418,71.71,3.63,21.29,75.79,17.71,6.23
2025-12-01,Al-Jouf,Licensing,Branch,327,245,52.7,4.03,31.3,69.24,26.27,11.54
2025-12-01,Al-Jouf,Licensing,Call Center,290,209,61.02,3.89,34.24,71.49,23.72,10.61
2025-12-01,Al-Jouf,Licensing,Kiosk,162,105,61.57,3.92,24.29,69.1,21.59,8.41
2025-12-01,Al-Jouf,Permits,Mobile App,353,285,71.8,4.13,26.11,71.84,16.33,8.03
2025-12-01,Al-Jouf,Permits,Web Portal,490,420,64.86,4.19,24.98,72.45,17.94,8.04
2025-12-01,Al-Jouf,Permits,Branch,282,179,51.5,3.83,38.38,68.75,27.24,11.65
2025-12-01,Al-Jouf,Permits,Call Center,237,200,47.55,3.79,36.04,66.13,25.34,11.99
2025-12-01,Al-Jouf,Permits,Kiosk,142,102,57.53,3.97,26.68,75.58,18.02,8.09
2025-12-01,Al-Jouf,Appointments,Mobile App,338,271,74.99,4.56,9.68,80.19,13.23,4.98
2025-12-01,Al-Jouf,Appointments,Web Portal,362,286,73.91,4.2,12.92,75.94,14.87,6.14
2025-12-01,Al-Jouf,Appointments,Branch,222,141,53.26,4.01,20.76,82.1,23.21,6.66
2025-12-01,Al-Jouf,Appointments,Call Center,203,134,53.39,4.05,26.9,76.61,22.57,6.99
2025-12-01,Al-Jouf,Appointments,Kiosk,143,113,62.0,4.58,16.16,80.7,16.35,4.68
2025-12-01,Al-Jouf,Payments,Mobile App,476,352,80.24,4.12,6.74,77.13,10.89,5.35
2025-12-01,Al-Jouf,Payments,Web Portal,467,383,74.18,4.59,10.62,78.39,14.71,6.71
2025-12-01,Al-Jouf,Payments,Branch,275,179,55.92,3.78,18.94,79.08,21.11,6.27
2025-12-01,Al-Jouf,Payments,Call Center,332,261,56.43,4.04,19.6,72.9,21.66,4.65
2025-12-01,Al-Jouf,Payments,Kiosk,173,135,66.65,4.27,11.69,73.6,14.94,5.61
2025-12-01,Al-Jouf,Complaints,Mobile App,222,189,71.96,3.87,33.03,75.71,17.35,8.92
2025-12-01,Al-Jouf,Complaints,Web Portal,359,284,68.39,3.94,31.64,76.45,17.16,8.72
2025-12-01,Al-Jouf,Complaints,Branch,206,154,43.5,3.76,42.24,66.5,28.52,13.71
2025-12-01,Al-Jouf,Complaints,Call Center,173,139,58.88,3.47,46.04,63.52,25.47,15.37
2025-12-01,Al-Jouf,Complaints,Kiosk,108,73,54.52,3.88,34.77,69.88,17.81,10.7
2025-12-01,Al-Jouf,Document Services,Mobile App,426,362,73.69,4.22,15.86,79.66,14.71,5.42
2025-12-01,Al-Jouf,Document Services,Web Portal,430,300,69.65,3.86,23.42,73.93,17.13,6.36
2025-12-01,Al-Jouf,Document Services,Branch,247,163,51.32,3.82,28.01,80.64,23.65,9.66
2025-12-01,Al-Jouf,Document Services,Call Center,272,233,52.3,3.66,28.15,73.24,22.83,8.35
2025-12-01,Al-Jouf,Document Services,Kiosk,158,117,61.15,4.1,23.16,72.93,18.11,7.55
2025-12-01,Al-Jouf,Benefits & Support,Mobile App,336,280,71.11,3.96,24.09,77.26,18.85,7.31
2025-12-01,Al-Jouf,Benefits & Support,Web Portal,381,285,64.58,3.99,27.69,75.09,19.03,8.53
2025-12-01,Al-Jouf,Benefits & Support,Branch,219,142,47.18,3.5,38.57,66.94,26.38,12.35
2025-12-01,Al-Jouf,Benefits & Support,Call Center,225,164,52.79,3.62,36.62,71.77,23.16,10.64
2025-12-01,Al-Jouf,Benefits & Support,Kiosk,110,74,64.56,3.81,33.04,75.26,21.8,10.83
2025-12-01,Al-Jouf,Business Services,Mobile App,386,273,73.02,4.32,20.97,82.08,16.51,6.24
2025-12-01,Al-Jouf,Business Services,Web Portal,427,303,71.94,4.03,22.54,79.21,16.03,7.32
2025-12-01,Al-Jouf,Business Services,Branch,233,147,53.53,3.76,31.84,72.27,23.6,10.02
2025-12-01,Al-Jouf,Business Services,Call Center,240,199,55.67,4.19,31.7,75.53,21.83,10.99
2025-12-01,Al-Jouf,Business Services,Kiosk,168,106,60.32,3.89,22.0,76.37,18.78,6.28
2025-12-01,Northern Borders,Licensing,Mobile App,402,274,71.36,4.38,20.73,77.61,16.99,4.7
2025-12-01,Northern Borders,Licensing,Web Portal,433,282,67.82,4.01,25.38,70.92,18.01,10.18
2025-12-01,Northern Borders,Licensing,Branch,274,181,51.26,3.45,31.09,71.49,27.07,8.35
2025-12-01,Northern Borders,Licensing,Call Center,262,169,53.77,3.85,37.85,67.48,25.28,11.53
2025-12-01,Northern Borders,Licensing,Kiosk,170,124,60.6,3.55,27.41,76.17,19.22,7.65
2025-12-01,Northern Borders,Permits,Mobile App,329,235,75.62,4.17,23.95,78.68,19.9,5.01
2025-12-01,Northern Borders,Permits,Web Portal,413,326,71.21,3.65,25.46,74.86,14.97,8.03
2025-12-01,Northern Borders,Permits,Branch,261,163,46.26,3.48,36.8,69.48,26.5,12.65
2025-12-01,Northern Borders,Permits,Call Center,200,151,54.78,3.8,36.91,70.61,22.22,13.6
2025-12-01,Northern Borders,Permits,Kiosk,152,124,59.99,3.76,28.88,82.41,18.95,7.32
2025-12-01,Northern Borders,Appointments,Mobile App,410,262,72.98,4.06,11.33,80.89,16.32,3.93
2025-12-01,Northern Borders,Appointments,Web Portal,414,318,67.37,4.47,13.44,80.16,15.87,6.18
2025-12-01,Northern Borders,Appointments,Branch,267,228,46.29,4.39,23.52,72.82,24.27,5.85
2025-12-01,Northern Borders,Appointments,Call Center,229,188,51.68,3.78,29.62,77.05,23.23,10.48
2025-12-01,Northern Borders,Appointments,Kiosk,131,110,57.69,4.24,15.53,70.34,18.64,4.99
2025-12-01,Northern Borders,Payments,Mobile App,412,276,75.63,4.18,6.68,82.39,14.82,8.37
2025-12-01,Northern Borders,Payments,Web Portal,523,387,69.01,4.2,4.0,81.13,13.73,3.14
2025-12-01,Northern Borders,Payments,Branch,304,246,54.91,3.86,16.63,76.96,23.22,5.86
2025-12-01,Northern Borders,Payments,Call Center,301,229,60.53,3.51,24.44,71.22,22.16,4.5
2025-12-01,Northern Borders,Payments,Kiosk,156,121,63.79,4.2,14.39,80.61,15.34,4.04
2025-12-01,Northern Borders,Complaints,Mobile App,242,166,65.22,3.53,32.89,75.45,17.63,9.49
2025-12-01,Northern Borders,Complaints,Web Portal,313,216,65.27,3.87,28.48,75.21,15.02,8.43
2025-12-01,Northern Borders,Complaints,Branch,173,118,47.92,3.33,42.73,69.0,27.44,13.1
2025-12-01,Northern Borders,Complaints,Call Center,174,121,43.93,3.59,42.79,67.45,27.0,15.28
2025-12-01,Northern Borders,Complaints,Kiosk,105,90,59.52,3.68,38.1,64.87,20.75,11.34
2025-12-01,Northern Borders,Document Services,Mobile App,366,270,72.37,4.4,15.86,74.87,14.56,4.19
2025-12-01,Northern Borders,Document Services,Web Portal,408,310,69.37,4.29,13.79,79.0,16.43,5.56
2025-12-01,Northern Borders,Document Services,Branch,239,161,52.82,3.73,33.12,71.95,24.33,11.47
2025-12-01,Northern Borders,Document Services,Call Center,261,191,54.38,3.53,32.97,70.68,23.24,10.22
2025-12-01,Northern Borders,Document Services,Kiosk,144,99,64.05,3.94,22.86,76.35,18.26,5.84
2025-12-01,Northern Borders,Benefits & Support,Mobile App,316,204,77.04,4.15,27.41,71.94,16.42,7.91
2025-12-01,Northern Borders,Benefits & Support,Web Portal,329,209,69.15,4.15,26.35,77.68,17.23,5.75
2025-12-01,Northern Borders,Benefits & Support,Branch,239,163,49.84,3.74,38.39,71.77,26.29,14.54
2025-12-01,Northern Borders,Benefits & Support,Call Center,202,171,53.98,3.4,38.86,67.28,28.43,13.51
2025-12-01,Northern Borders,Benefits & Support,Kiosk,118,97,65.83,3.49,28.74,76.72,20.88,9.71
2025-12-01,Northern Borders,Business Services,Mobile App,372,267,64.72,4.38,20.89,74.41,16.45,6.02
2025-12-01,Northern Borders,Business Services,Web Portal,324,269,68.66,4.07,22.77,70.48,13.8,5.43
2025-12-01,Northern Borders,Business Services,Branch,229,192,47.64,3.96,30.44,72.51,26.94,7.41
2025-12-01,Northern Borders,Business Services,Call Center,193,140,53.66,3.71,37.3,67.39,27.92,12.55
2025-12-01,Northern Borders,Business Services,Kiosk,127,96,58.57,4.01,26.03,73.62,17.27,10.38
2025-12-01,Hail,Licensing,Mobile App,537,402,68.71,4.28,21.34,80.75,17.53,7.73
2025-12-01,Hail,Licensing,Web Portal,517,391,67.06,4.03,20.19,79.68,15.48,5.42
2025-12-01,Hail,Licensing,Branch,270,183,52.71,3.45,31.0,71.13,26.34,8.66
2025-12-01,Hail,Licensing,Call Center,300,199,56.4,3.73,33.82,72.68,21.59,10.68
2025-12-01,Hail,Licensing,Kiosk,194,135,65.55,4.03,22.54,71.05,17.43,6.34
2025-12-01,Hail,Permits,Mobile App,453,313,81.77,4.52,19.11,76.18,15.16,7.09
2025-12-01,Hail,Permits,Web Portal,405,340,65.86,4.25,23.67,74.77,16.57,6.69
2025-12-01,Hail,Permits,Branch,310,242,50.52,4.12,31.07,73.33,24.33,11.51
2025-12-01,Hail,Permits,Call Center,294,222,54.56,3.44,33.6,71.95,24.63,11.73
2025-12-01,Hail,Permits,Kiosk,170,138,60.35,3.68,27.85,76.88,21.69,8.57
2025-12-01,Hail,Appointments,Mobile App,426,305,72.92,4.49,13.88,77.5,17.46,7.34
2025-12-01,Hail,Appointments,Web Portal,444,312,71.52,3.84,9.13,77.75,14.46,4.37
2025-12-01,Hail,Appointments,Branch,252,163,49.35,3.64,23.31,72.96,24.83,8.96
2025-12-01,Hail,Appointments,Call Center,206,161,56.53,3.93,25.59,72.47,20.55,9.14
2025-12-01,Hail,Appointments,Kiosk,170,108,59.8,4.05,13.73,79.06,13.63,4.19
2025-12-01,Hail,Payments,Mobile App,568,387,76.06,4.43,4.4,86.02,12.81,7.18
2025-12-01,Hail,Payments,Web Portal,525,365,70.47,4.12,7.52,80.97,15.8,5.16
2025-12-01,Hail,Payments,Branch,313,251,53.79,3.82,16.56,78.8,20.3,5.91
2025-12-01,Hail,Payments,Call Center,262,163,57.41,4.06,20.93,75.66,20.3,5.53
2025-12-01,Hail,Payments,Kiosk,197,140,63.88,3.93,8.16,82.31,14.89,4.57
2025-12-01,Hail,Complaints,Mobile App,316,202,68.43,3.89,28.62,74.53,18.52,8.84
2025-12-01,Hail,Complaints,Web Portal,288,189,66.33,3.95,28.85,75.16,17.9,9.15
2025-12-01,Hail,Complaints,Branch,206,149,46.66,3.43,41.39,66.94,28.53,14.46
2025-12-01,Hail,Complaints,Call Center,183,139,51.43,3.47,43.83,66.74,26.23,15.69
2025-12-01,Hail,Complaints,Kiosk,112,78,60.98,3.46,34.16,75.62,24.06,10.26
2025-12-01,Hail,Document Services,Mobile App,497,377,73.44,4.11,19.16,77.97,16.32,6.9
2025-12-01,Hail,Document Services,Web Portal,524,349,72.25,3.8,18.79,69.71,12.37,5.74
2025-12-01,Hail,Document Services,Branch,252,188,59.95,3.89,29.52,72.98,25.02,8.94
2025-12-01,Hail,Document Services,Call Center,270,201,50.8,4.35,23.51,66.06,21.17,8.03
2025-12-01,Hail,Document Services,Kiosk,196,134,65.91,4.06,20.86,76.63,15.27,6.18
2025-12-01,Hail,Benefits & Support,Mobile App,350,264,71.68,4.14,23.39,82.7,15.23,7.44
2025-12-01,Hail,Benefits & Support,Web Portal,359,287,74.95,3.96,27.43,81.09,16.18,8.6
2025-12-01,Hail,Benefits & Support,Branch,247,202,51.55,3.67,31.67,75.59,26.07,10.14
2025-12-01,Hail,Benefits & Support,Call Center,221,187,57.05,3.94,32.88,70.36,22.42,10.71
2025-12-01,Hail,Benefits & Support,Kiosk,117,89,63.8,3.73,29.36,70.51,18.73,8.44
2025-12-01,Hail,Business Services,Mobile App,283,239,74.29,3.82,21.7,80.18,16.01,7.05
2025-12-01,Hail,Business Services,Web Portal,439,301,72.84,4.07,18.65,78.06,14.6,5.27
2025-12-01,Hail,Business Services,Branch,270,173,47.19,3.75,27.04,73.11,25.44,8.55
2025-12-01,Hail,Business Services,Call Center,191,150,57.18,3.97,33.59,72.94,22.71,10.95
2025-12-01,Hail,Business Services,Kiosk,142,94,59.61,3.88,25.05,68.7,16.71,9.96
