month,user_weight,transactions,adoption_pct,target_pct
2022-01-01,117031,158193,54.14214225290735,65.0
2022-02-01,119267,161256,54.040536778823984,65.0
2022-03-01,121213,165296,54.55226419608457,65.0
2022-04-01,122510,166393,54.72661488858052,65.0
2022-05-01,121423,165266,55.220753975770656,65.0
2022-06-01,120207,162988,55.20122971207999,65.0
2022-07-01,116257,158788,55.551535907515245,65.0
2022-08-01,114723,154762,56.07964549392885,65.0
2022-09-01,113755,153443,55.87937998329744,65.0
2022-10-01,112261,152589,56.45374163779051,65.0
2022-11-01,113081,153734,56.7178497714028,65.0
2022-12-01,115927,157119,56.59657517230671,65.0
2023-01-01,119300,162021,57.01881869237217,65.0
2023-02-01,124669,167504,57.4280224434302,65.0
2023-03-01,124382,168777,57.46866411538647,65.0
2023-04-01,125935,171882,58.00669639099535,65.0
2023-05-01,127147,171767,58.43934225738712,65.0
2023-06-01,123763,168311,58.37718001341273,65.0
2023-07-01,121670,165158,58.893713158543605,65.0
2023-08-01,118706,161313,59.02049458325611,65.0
2023-09-01,116207,157618,59.234547918800075,65.0
2023-10-01,116358,157060,59.24688856804001,65.0
2023-11-01,116700,157928,59.57942793487575,65.0
2023-12-01,120818,163348,59.851920657517915,65.0
2024-01-01,123461,166945,60.37739326588963,65.0
2024-02-01,126222,172082,60.546205336629114,65.0
2024-03-01,128701,174526,60.774955361652204,65.0
2024-04-01,131065,177205,60.85018807461947,65.0
2024-05-01,129533,175516,61.35136289594158,65.0
2024-06-01,126889,172909,61.523789059729374,65.0
2024-07-01,124582,169013,62.013955065739836,65.0
2024-08-01,122476,165234,61.82722827329436,65.0
2024-09-01,121113,163844,62.576299241204495,65.0
2024-10-01,120660,162935,62.789360268523126,65.0
2024-11-01,120926,163948,62.78553627838512,65.0
2024-12-01,122908,166110,63.25812038272529,65.0
2025-01-01,126159,171678,63.41874000269502,65.0
2025-02-01,130206,177605,63.78344415771931,65.0
2025-03-01,131400,179395,63.65779939117199,65.0
2025-04-01,135292,183280,64.06410622948881,65.0
2025-05-01,132178,179685,64.18945005976789,65.0
2025-06-01,132140,178348,64.59751097321023,65.0
2025-07-01,129478,174522,64.97644209827152,65.0
2025-08-01,124121,169255,65.20451768838473,65.0
2025-09-01,123801,167018,65.50990589736755,65.0
2025-10-01,121371,166144,65.69599253528438,65.0
2025-11-01,124348,167760,65.97869438993791,65.0
2025-12-01,127817,171938,66.21076132282874,65.0
