region,user_weight,transactions,adoption_pct,gap_pp,target_status,priority_rank,allocation_sar_m
Najran,7012,9329,60.86371933827724,4.136280661722758,Below Target,1,13.5
Northern Borders,7944,10917,62.70022406847936,2.2997759315206423,Below Target,2,7.5
Al-Baha,7110,9905,62.78131786216597,2.21868213783403,Below Target,3,7.5
Jazan,7777,10490,63.028711585444256,1.9712884145557439,Below Target,4,6.5
Asir,9941,13105,64.35785031686953,0.6421496831304694,Below Target,5,2.0
Tabuk,9000,12134,64.48460888888889,0.5153911111111142,Below Target,6,1.5
Hail,8912,12276,64.74210839317774,0.2578916068222554,Below Target,7,1.0
Al-Jouf,8787,11616,64.82170137703426,0.17829862296574106,Below Target,8,0.5
Eastern Province,12749,16783,68.70270138834418,0.0,On/Above Target,0,0.0
Madinah,11658,15653,68.2324395265054,0.0,On/Above Target,0,0.0
Makkah,13121,17596,70.69793232223154,0.0,On/Above Target,0,0.0
Qassim,10449,14181,66.10598717580629,0.0,On/Above Target,0,0.0
Riyadh,13357,17953,70.75077187991315,0.0,On/Above Target,0,0.0
